{
  "natural_language": {
    "f1": 0.903896103896104,
    "p": 0.9222614840989399,
    "r": 0.8862478777589134,
    "tp": 522,
    "fp": 44,
    "fn": 67,
    "avg_ms": 211.06048584999996
  },
  "snake_case_native": {
    "f1": 0.9721988205560236,
    "p": 0.9648829431438127,
    "r": 0.9796264855687606,
    "tp": 577,
    "fp": 21,
    "fn": 12,
    "avg_ms": 231.70263585000015
  },
  "delta_pp": 6.83027166599196
}