{
  "title_case": {
    "f1": 0.9550466497031382,
    "p": 0.9542372881355933,
    "r": 0.9558573853989814,
    "tp": 563,
    "fp": 27,
    "fn": 26,
    "avg_ms": 118.64763916999986
  },
  "snake_case": {
    "f1": 0.9087779690189328,
    "p": 0.9214659685863874,
    "r": 0.8964346349745331,
    "tp": 528,
    "fp": 45,
    "fn": 61,
    "avg_ms": 98.33464287999993
  },
  "natural_language": {
    "f1": 0.9388794567062818,
    "p": 0.9388794567062818,
    "r": 0.9388794567062818,
    "tp": 553,
    "fp": 36,
    "fn": 36,
    "avg_ms": 80.78654076999989
  }
}