{
  "test_set_fingerprint": "ff2fa10db2eb0b55",
  "train_test_leakage": 0,
  "nvidia_gliner_pii": {
    "f1": 0.903896103896104,
    "p": 0.9222614840989399,
    "r": 0.8862478777589134,
    "tp": 522,
    "fp": 44,
    "fn": 67,
    "avg_ms": 210.19317504000014
  },
  "our_fine_tuned": {
    "f1": 0.9550466497031382,
    "p": 0.9542372881355933,
    "r": 0.9558573853989814,
    "tp": 563,
    "fp": 27,
    "fn": 26,
    "avg_ms": 125.83602212000022
  },
  "model_sizes_mb": {
    "nvidia/gliner-PII": 1699.4485807418823,
    "urchade/gliner_small-v2.1": 582.3633518218994,
    "our_fine_tuned": 1747.0575513839722
  },
  "deltas": {
    "f1_pp": 5.115054580703429,
    "speed_ratio": 1.67037364578765,
    "size_ratio": 0.9727490542000891
  }
}